line	caption	page
030	023 If yes, complete lines	1
038	023 If yes, complete lines 030 to	1
055	Quebec or Alberta. If the corporation is located in one of these provinces, you have to file a separate provincial	1
061	Address of head office 060	1
063	start on line 060?	1
065	City Province, territory, or state acquired	1
066	subsection 249(3.1)?	1
067	Has this address changed since the partnership?	1
070	Incorporation?	1
071	Amalgamation?	1
072	025 026 subsidiary under section 88 during	1
076	Location of books and records (if different from head office address) amalgamation?	1
078	last time the CRA was notified? dissolution?	1
079	032 currency used	1
080	035 036 Is the corporation a resident of Canada?	1
081	Country (other than Canada) Postal or ZIP code If no, give the country of residence on line	1
082	income tax treaty?	1
149	043 4 Exempt under other paragraphs of section	1
898	095 096	1
150	Is the corporation related to any other corporations?	2
151	Does the corporation have any non-resident shareholders who own voting shares?	2
160	Is the corporation an associated CCPC?	2
161	Is the corporation an associated CCPC that is claiming the expenditure limit?	2
162	other than transactions in the ordinary course of business? Exclude non-arm's length transactions with non-residents	2
163	were all or substantially all of the assets of the transferor disposed of to the transferee?	2
164	Has the corporation paid any royalties, management fees, or other similar payments to residents of Canada?	2
165	Is the corporation claiming a deduction for payments to a type of employee benefit plan?	2
166	Is the corporation claiming a loss or deduction from a tax shelter?	2
167	Is the corporation a member of a partnership for which a partnership account number has been assigned?	2
168	with the corporation have a beneficial interest in a non-resident discretionary trust (without reference to section 94)?	2
169	Did the corporation own any shares in one or more foreign affiliates in the tax year?	2
170	the Income Tax Regulations?	2
171	Did the corporation have a total amount over CAN$1 million of reportable transactions with non-arm's length non-residents?	2
172	Has the corporation made payments to, or received amounts from, a retirement compensation plan arrangement during the year?	2
173	and/or preferred shares?	2
180	Does the corporation earn income from one or more Internet web pages or websites?	2
201	Is the net income/loss shown on the financial statements different from the net income/loss for income tax purposes?	2
202	Has the corporation made any charitable donations; gifts of cultural or ecological property; or gifts of medicine?	2
203	Has the corporation received any dividends or paid any taxable dividends for purposes of the dividend refund?	2
204	Is the corporation claiming any type of losses?	2
205	permanent establishment in more than one jurisdiction?	2
206	Has the corporation realized any capital gains or incurred any capital losses during the tax year?	2
207	subsection 125(8)?	2
208	Does the corporation have any property that is eligible for capital cost allowance?	2
212	Does the corporation have any resource-related deductions?	2
213	Is the corporation claiming deductible reserves?	2
216	Is the corporation claiming a patronage dividend deduction?	2
217	Is the corporation a credit union claiming a deduction for allocations in proportion to borrowing or a provincial credit union tax reduction?	2
218	Is the corporation an investment corporation or a mutual fund corporation?	2
220	Is the corporation carrying on business in Canada as a non-resident corporation?	2
221	Is the corporation claiming any federal, provincial, or territorial foreign tax credits, or any federal logging tax credits?	2
227	Does the corporation have any Canadian manufacturing and processing profits or zero-emission technology manufacturing profits?	2
231	Is the corporation claiming an investment tax credit?	2
232	Is the corporation claiming any scientific research and experimental development (SR&ED) expenditures?	2
233	Is the total taxable capital employed in Canada of the corporation and its related corporations over $10,000,000?	2
234	Is the total taxable capital employed in Canada of the corporation and its associated corporations over $10,000,000?	2
238	Is the corporation subject to gross Part VI tax on capital of financial institutions?	2
242	Is the corporation claiming a Part I tax credit?	2
243	Is the corporation subject to Part IV.1 tax on dividends received on taxable preferred shares or Part VI.1 tax on dividends paid?	2
244	Is the corporation agreeing to a transfer of the liability for Part VI.1 tax?	2
250	with one or more members subject to gross Part VI tax?	2
253	Is the corporation claiming a Canadian film or video production tax credit?	2
254	Is the corporation claiming a film or video production services tax credit?	2
255	Is the corporation subject to Part XIII.1 tax? (Show your calculations on a sheet that you identify as Schedule 92.)	2
272	Is the corporation claiming a Canadian journalism labour tax credit?	2
320	i) Is the corporation a CCPC and reporting a) income or loss from property (other than dividends deductible on line	2
130	in sections 18.2 and 18.21, or is it a party to any election under the EIFEL rules? 278	3
259	such property, at any time in the year, was more than CAN$100,000?	3
260	Did the corporation transfer or loan property to a non-resident trust?	3
261	Did the corporation receive a distribution from or was it indebted to a non-resident trust in the year?	3
262	Has the corporation entered into an agreement to allocate assistance for SR&ED carried out in Canada?	3
263	Has the corporation entered into an agreement to transfer qualified expenditures incurred in respect of SR&ED contracts?	3
264	specified employees for SR&ED?	3
265	Did the corporation pay taxable dividends (other than capital gains dividends) in the tax year?	3
266	Has the corporation made an election under subsection 89(11) not to be a CCPC?	3
267	Has the corporation revoked any previous election made under subsection 89(11)?	3
268	general rate income pool (GRIP) change in the tax year?	3
269	change in the tax year?	3
270	Did the corporation use the International Financial Reporting Standards (IFRS) when it prepared its financial statements?	3
271	Did the corporation have any foreign affiliates in the tax year?	3
273	Is the corporation claiming a return of fuel charge proceeds to farmers tax credit?	3
274	Are you an employer reporting a non-qualified security agreement under subsection 110(1.9)?	3
276	Is the corporation subject to the additional 1.5% tax on banks and life insurers?	3
277	Is the corporation a covered entity that redeemed, acquired or cancelled equity of the corporation in the tax year?	3
278	in sections 18.2 and 18.21, or is it a party to any election under the EIFEL rules?	3
280	Is the corporation inactive?	3
285	Specify the principal products mined, manufactured, 284	3
287	sold, constructed, or services provided, giving the 286	3
289	each product or service represents. 288	3
290	Did the corporation meet the definition of substantive CCPC under subsection 248(1) at any time during the tax year?	3
291	Did the corporation immigrate to Canada during the tax year?	3
292	Did the corporation emigrate from Canada during the tax year?	3
293	Do you want to be considered as a quarterly instalment remitter if you are eligible?	3
294	corporation ceased to be eligible	3
295	If the corporation's major business activity is construction, did you have any subcontractors during the tax year?	3
300	Net income or (loss) for income tax purposes from Schedule 1, financial statements, or GIFI	3
311	Charitable donations from Schedule 2	3
313	Cultural gifts from Schedule 2	3
314	Ecological gifts from Schedule 2	3
325	Part VI.1 tax deduction*	3
331	Non-capital losses of previous tax years from Schedule 4	3
332	Net capital losses of previous tax years from Schedule 4	3
333	Restricted farm losses of previous tax years from Schedule 4	3
334	Farm losses of previous tax years from Schedule 4	3
335	Limited partnership losses of previous tax years from Schedule 4	3
336	Restricted interest and financing expenses from Schedule 4	3
340	Taxable capital gains or taxable dividends allocated from a central credit union	3
350	Prospector's and grubstaker's shares	3
352	Employer deduction for non-qualified securities	3
355	Section 110.5 additions or subparagraph 115(1)(a)(vii) additions	3
360	Taxable income (amount C plus amount D)	3
400	Income eligible for the small business deduction from Schedule 7	4
405	line 636** on page 8, and minus any amount that, because of federal law, is exempt from Part I tax	4
410	Business limit (see notes 1 and 2 below)	4
415	• If the corporation is not associated with any corporations in both the current and previous tax years, the amount to be entered on line	4
422	The greater of amount E and amount G	4
426	Reduced business limit (amount C minus amount H) (if negative, enter "0")	4
428	Reduced business limit after assignment (amount I minus amount J)	4
430	Small business deduction – Amount A, B, C, or K, whichever is the least × 19% =	4
432	Personal services business income	5
434	Personal services business income	5
515	amount of income referred to in clauses 125(1)(a)(i)(A) or (B) for the year. The amount on line	5
450	Amount E, L, or M, whichever is the least	6
520	Eligible refundable dividend tax on hand (ERDTOH) at the end of the previous tax year (line 530 of the preceding tax year)	7
525	Net ERDTOH transferred on an amalgamation or the wind-up of a subsidiary	7
530	Eligible refundable dividend tax on hand (ERDTOH) at the end of the previous tax year (line	7
535	tax year) (if negative, enter "0")	7
540	Net NERDTOH transferred on an amalgamation or the wind-up of a subsidiary	7
545	Non-eligible refundable dividend tax on hand (NERDTOH) at the end of the previous tax year (line	7
570	ERDTOH dividend refund for the previous tax year	7
575	NERDTOH dividend refund for the previous tax year	7
047	Privacy Commissioner of Canada regarding the handling of their personal information. Refer to Personal Information Bank CRA PPU	8
550	Base amount Part I tax – Taxable income (from line 360 on page 3) multiplied by 38%	8
560	Taxable income from a personal services business 555 × 5% =	8
565	Additional tax on banks and life insurers from Schedule 68	8
580	Total labour requirements addition to tax	8
602	Recapture of investment tax credit from Schedule 31	8
604	Refundable tax on CCPC's or substantive CCPC's investment income – 10 2/3% of whichever is less: amount F or amount I	8
608	Federal tax abatement	8
616	deduction from Schedule 27	8
620	Investment corporation deduction	8
632	Federal foreign non-business income tax credit from Schedule 21	8
636	Federal foreign business income tax credit from Schedule 21	8
638	General tax reduction for CCPCs from amount I on page 5	8
639	General tax reduction from amount P on page 5	8
640	Federal logging tax credit from Schedule 21	8
641	Eligible Canadian bank deduction under section 125.21	8
648	Federal qualifying environmental trust tax credit	8
652	Investment tax credit from Schedule 31	8
700	Part I tax payable from amount N on page 8	9
705	Part II.2 tax payable from Schedule 56	9
710	Part III.1 tax payable from Schedule 55	9
712	Part IV tax payable from Schedule 3	9
716	Part IV.1 tax payable from Schedule 43	9
720	Part VI tax payable from Schedule 38	9
724	Part VI.1 tax payable from Schedule 43	9
725	Part VI.2 tax payable from Schedule 67	9
726	Part XII.7 tax payable from Schedule 78	9
727	Part XIII.1 tax payable from Schedule 92	9
728	Part XIV tax payable from Schedule 20	9
760	Net provincial or territorial tax payable (except Quebec and Alberta)	9
770	Deduct other credits: Total tax payable	9
780	Investment tax credit refund from Schedule 31	9
784	Dividend refund from amount JJ on page 7	9
788	Federal capital gains refund from Schedule 18	9
792	Federal qualifying environmental trust tax credit refund	9
795	Return of fuel charge proceeds to farmers tax credit from Schedule 63	9
796	Canadian film or video production tax credit (Form T1131)	9
797	Film or video production services tax credit (Form T1177)	9
798	Canadian journalism labour tax credit from Schedule 58	9
800	Tax withheld at source	9
808	Provincial and territorial capital gains refund from Schedule 18	9
812	Provincial and territorial refundable tax credits from Schedule 5	9
840	Tax instalments paid	9
890	Total credits	9
896	one-month extension of the date the balance of tax is due?	9
920	If this return was prepared by a tax preparer for a fee, provide their: EFILE number	9
954	I, 950 951	9
957	Is the contact person the same as the authorized signing officer? If no, complete the information below	9
990	Indicate your language of correspondence by entering 1 for English or 2 for French.	9
